,All_Seats,Torque_force,Car_Prices,Performance,Total_speed,Horse_Power,CC
0,2.0,800.0,1100000.0,2.0,340,963,3990.0
1,5.0,900.0,460000.0,5.0,250,563,6749.0
2,5.0,100.0,0.0,10.0,165,70,1200.0
3,4.0,900.0,161000.0,3.0,250,630,3982.0
4,2.0,560.0,253290.0,3.0,320,602,5204.0
5,2.0,770.0,499000.0,2.0,341,710,3994.0
6,2.0,685.0,193440.0,3.0,314,656,3982.0
7,4.0,900.0,311000.0,4.0,318,550,3996.0
8,2.0,690.0,4500000.0,2.0,356,750,6498.0
9,2.0,770.0,280000.0,2.0,340,710,3900.0
10,2.0,718.0,350000.0,2.0,340,789,6496.0
11,0.0,760.0,210000.0,3.0,320,592,3900.0
12,0.0,760.0,230000.0,3.0,320,612,3900.0
13,2.0,719.0,1700000.0,2.0,340,789,6496.0
14,2.0,770.0,280000.0,2.0,340,710,3900.0
15,0.0,760.0,220000.0,3.0,320,612,3900.0
16,0.0,760.0,240000.0,3.0,320,612,3900.0
17,2.0,500.0,53900.0,4.0,250,382,2998.0
18,0.0,205.0,27000.0,6.0,226,205,1998.0
19,4.0,250.0,30000.0,5.0,226,228,2387.0
20,7.0,500.0,85000.0,6.0,220,381,5663.0
21,7.0,651.0,50000.0,6.0,200,381,5663.0
22,4.0,637.0,113000.0,2.0,315,600,3799.0
23,2.0,366.0,30000.0,4.0,250,332,3696.0
24,2.0,475.0,40000.0,4.0,290,400,2998.0
25,5.0,380.0,25000.0,7.0,225,188,2488.0
26,5.0,354.0,35000.0,5.0,240,300,3498.0
27,5.0,240.0,20000.0,8.0,200,149,1998.0
28,5.0,270.0,28000.0,7.0,200,201,2488.0
29,7.0,351.0,35000.0,6.0,225,284,3498.0
30,5.0,381.0,30000.0,6.0,180,310,3799.0
31,5.0,560.0,40000.0,5.0,200,400,5598.0
32,2.0,900.0,3200000.0,2.0,402,1160,6496.0
33,2.0,1000.0,1100000.0,2.0,362,1000,3996.0
34,2.0,900.0,316000.0,3.0,340,715,5204.0
35,4.0,700.0,208000.0,3.0,322,600,5204.0
36,2.0,685.0,142000.0,3.0,313,503,3996.0
37,5.0,700.0,189000.0,4.0,291,542,3996.0
38,4.0,630.0,240000.0,4.0,328,580,5935.0
39,2.0,630.0,294000.0,3.0,324,580,5935.0
40,4.0,630.0,1100000.0,4.0,314,540,5935.0
41,2.0,821.0,1300000.0,2.0,320,836,5204.0
42,2.0,720.0,2800000.0,2.0,350,819,6498.0
43,2.0,720.0,518000.0,2.0,350,759,6498.0
44,2.0,600.0,274000.0,2.0,325,640,5204.0
45,2.0,600.0,261000.0,2.0,325,640,5204.0
46,2.0,690.0,493000.0,2.0,350,740,6498.0
47,5.0,850.0,211000.0,3.0,305,641,3996.0
48,2.0,600.0,287000.0,3.0,325,610,5204.0
49,2.0,690.0,445000.0,3.0,350,700,6498.0
50,2.0,600.0,308000.0,3.0,325,640,5204.0
51,2.0,690.0,421000.0,2.0,350,740,6498.0
52,2.0,600.0,287000.0,3.0,325,640,5204.0
53,5.0,850.0,242000.0,3.0,305,641,3996.0
54,2.0,720.0,545000.0,2.0,355,769,6498.0
55,2.0,560.0,258000.0,3.0,325,610,5204.0
56,2.0,720.0,573000.0,2.0,350,759,6498.0
57,5.0,850.0,263000.0,3.0,305,671,3996.0
58,2.0,565.0,327000.0,3.0,325,640,5204.0
59,2.0,720.0,545000.0,2.0,355,769,6498.0
60,2.0,600.0,273000.0,3.0,325,610,5204.0
61,2.0,720.0,603000.0,2.0,350,759,6498.0
62,5.0,850.0,253000.0,3.0,305,641,3998.0
63,2.0,565.0,342000.0,3.0,325,640,5204.0
64,2.0,720.0,573000.0,2.0,355,769,6498.0
65,5.0,850.0,332000.0,4.0,250,591,6592.0
66,4.0,870.0,330000.0,4.0,250,624,6592.0
67,4.0,870.0,360000.0,4.0,250,624,6592.0
68,5.0,850.0,325000.0,5.0,250,563,6749.0
69,5.0,900.0,500000.0,5.0,250,563,6749.0
70,5.0,850.0,370000.0,4.0,250,591,6592.0
71,4.0,870.0,360000.0,4.0,250,624,6592.0
72,4.0,870.0,390000.0,4.0,250,624,6592.0
73,5.0,850.0,350000.0,5.0,250,563,6749.0
74,4.0,870.0,450000.0,5.0,250,563,6749.0
75,4.0,850.0,340000.0,4.0,250,591,6592.0
76,4.0,870.0,330000.0,4.0,250,624,6592.0
77,4.0,870.0,380000.0,4.0,250,624,6592.0
78,5.0,850.0,320000.0,5.0,250,563,6749.0
79,5.0,700.0,116000.0,4.0,250,496,3982.0
80,5.0,850.0,104000.0,3.0,250,603,3982.0
81,5.0,500.0,53000.0,4.0,250,382,1991.0
82,5.0,850.0,113000.0,4.0,250,603,3982.0
83,5.0,700.0,109000.0,4.0,250,429,2996.0
84,5.0,500.0,62000.0,5.0,250,362,2996.0
85,5.0,500.0,70000.0,5.0,250,362,2996.0
86,5.0,700.0,99000.0,4.0,250,429,2996.0
87,5.0,500.0,63000.0,5.0,250,362,2996.0
88,5.0,500.0,53000.0,3.0,250,416,1991.0
89,5.0,520.0,52000.0,4.0,250,402,2996.0
90,5.0,500.0,49000.0,5.0,250,255,1991.0
91,5.0,500.0,53000.0,6.0,250,255,1991.0
92,5.0,520.0,54000.0,4.0,250,402,2996.0
93,5.0,500.0,48000.0,4.0,250,382,1991.0
94,5.0,500.0,46000.0,6.0,250,255,1991.0
95,5.0,620.0,71000.0,5.0,250,429,2996.0
96,5.0,500.0,90000.0,6.0,250,255,1991.0
97,5.0,950.0,102000.0,3.0,250,751,0.0
98,5.0,1000.0,200000.0,4.0,250,630,5980.0
99,5.0,750.0,142000.0,3.0,305,627,4395.0
100,4.0,600.0,133000.0,3.0,305,493,2993.0
101,5.0,650.0,76000.0,3.0,285,503,2993.0
102,4.0,550.0,83000.0,4.0,280,444,2993.0
103,5.0,750.0,114000.0,4.0,285,523,4935.0
104,5.0,650.0,69000.0,4.0,285,503,2993.0
105,5.0,750.0,146000.0,3.0,305,523,4395.0
106,4.0,750.0,108000.0,3.0,285,523,4935.0
107,4.0,840.0,398000.0,4.0,250,563,6592.0
108,5.0,850.0,381000.0,5.0,250,563,6749.0
109,5.0,900.0,475000.0,5.0,250,563,6749.0
110,5.0,900.0,335000.0,4.0,250,563,6749.0
111,4.0,800.0,349000.0,4.0,250,623,6592.0
112,5.0,900.0,495000.0,5.0,250,563,6749.0
113,5.0,900.0,355000.0,4.0,250,563,6749.0
114,4.0,800.0,369000.0,4.0,250,623,6592.0
115,4.0,840.0,418000.0,4.0,250,563,6592.0
116,5.0,850.0,401000.0,5.0,250,563,6749.0
117,5.0,900.0,515000.0,5.0,250,563,6749.0
118,5.0,900.0,375000.0,4.0,250,563,6749.0
119,4.0,800.0,389000.0,4.0,250,623,6592.0
120,4.0,840.0,439000.0,4.0,250,563,6592.0
121,5.0,850.0,421000.0,5.0,250,563,6749.0
122,2.0,560.0,194000.0,3.0,330,610,5204.0
123,5.0,800.0,114000.0,3.0,305,591,3993.0
124,5.0,800.0,101000.0,4.0,305,563,3993.0
125,5.0,800.0,109000.0,3.0,305,591,3993.0
126,5.0,650.0,96000.0,4.0,305,563,3993.0
127,5.0,600.0,86000.0,5.0,250,335,2995.0
128,4.0,500.0,64000.0,4.0,250,349,2995.0
129,5.0,500.0,62000.0,5.0,250,349,2995.0
130,5.0,500.0,59000.0,4.0,250,349,2995.0
131,5.0,400.0,52000.0,4.0,250,306,1984.0
132,7.0,600.0,60000.0,6.0,250,335,2995.0
133,5.0,500.0,43000.0,6.0,240,248,1984.0
134,5.0,600.0,68000.0,5.0,250,335,2995.0
135,5.0,600.0,58000.0,5.0,250,335,2995.0
136,4.0,500.0,45000.0,6.0,240,248,1984.0
137,5.0,400.0,39000.0,6.0,240,248,1984.0
138,5.0,400.0,35000.0,7.0,230,248,1984.0
139,5.0,664.0,75000.0,5.0,200,402,95.0
140,5.0,664.0,78000.0,5.0,200,402,95.0
141,2.0,400.0,49000.0,5.0,250,248,1984.0
142,2.0,570.0,165000.0,4.0,250,369,11.0
143,5.0,400.0,45000.0,5.0,250,255,1998.0
144,5.0,500.0,57000.0,4.0,250,382,2998.0
145,4.0,400.0,48000.0,5.0,250,255,1998.0
146,4.0,650.0,81000.0,3.0,290,503,2993.0
147,5.0,400.0,57000.0,5.0,250,248,1998.0
148,5.0,650.0,78000.0,3.0,250,523,4395.0
149,5.0,220.0,32000.0,8.0,213,136,1499.0
150,5.0,400.0,42000.0,6.0,250,261,1998.0
151,5.0,450.0,30000.0,4.0,250,302,1998.0
152,5.0,280.0,30000.0,10.0,200,116,1496.0
153,5.0,400.0,38000.0,6.0,230,190,1995.0
154,5.0,200.0,28000.0,10.0,200,109,1499.0
155,5.0,380.0,34000.0,8.0,216,150,1995.0
156,5.0,300.0,37000.0,7.0,230,178,1998.0
157,5.0,400.0,42000.0,6.0,240,224,1998.0
158,5.0,270.0,27000.0,12.0,185,95,1496.0
159,5.0,200.0,26000.0,11.0,195,102,1598.0
160,5.0,400.0,44000.0,6.0,240,224,1995.0
161,5.0,250.0,34000.0,8.0,211,136,1499.0
162,5.0,270.0,30000.0,10.0,200,116,1496.0
163,5.0,250.0,35000.0,8.0,213,136,1499.0
164,5.0,250.0,37000.0,8.0,213,136,1499.0
165,5.0,300.0,39000.0,7.0,230,178,1998.0
166,5.0,200.0,29000.0,10.0,195,109,1598.0
167,5.0,270.0,31000.0,10.0,200,116,1496.0
168,5.0,400.0,39000.0,7.0,225,163,1995.0
169,5.0,250.0,36000.0,8.0,213,136,1499.0
170,5.0,380.0,36000.0,8.0,216,150,1995.0
171,5.0,300.0,40000.0,7.0,230,178,1998.0
172,5.0,270.0,28000.0,12.0,185,95,1496.0
173,5.0,250.0,35000.0,8.0,213,136,1499.0
174,7.0,400.0,60000.0,6.0,200,247,1969.0
175,5.0,400.0,55000.0,6.0,220,247,1969.0
176,5.0,400.0,60000.0,5.0,250,295,1969.0
177,5.0,250.0,27000.0,8.0,200,187,2480.0
178,5.0,250.0,30000.0,8.0,200,187,2480.0
179,5.0,350.0,32000.0,8.0,200,187,2480.0
180,5.0,400.0,36000.0,6.0,210,240,1998.0
181,5.0,350.0,33000.0,8.0,200,187,2480.0
182,5.0,400.0,44000.0,5.0,272,315,1996.0
183,5.0,350.0,41000.0,8.0,180,261,1600.0
184,5.0,250.0,26000.0,8.0,200,187,2480.0
185,5.0,400.0,38000.0,6.0,210,240,1998.0
186,5.0,250.0,29000.0,8.0,200,187,2480.0
187,5.0,350.0,32500.0,8.0,200,187,2480.0
188,5.0,250.0,28000.0,8.0,200,187,2480.0
189,5.0,370.0,29400.0,7.0,201,192,1498.0
190,5.0,350.0,37000.0,8.0,180,227,1600.0
191,5.0,350.0,42000.0,7.0,180,261,1598.0
192,5.0,400.0,36000.0,8.0,200,187,2480.0
193,5.0,400.0,38000.0,8.0,200,187,2480.0
194,5.0,400.0,40000.0,6.0,210,240,1998.0
195,5.0,250.0,26500.0,8.0,200,187,2480.0
196,5.0,400.0,30000.0,8.0,186,190,1498.0
197,8.0,360.0,40000.0,6.0,209,285,3471.0
198,5.0,300.0,26350.0,6.0,220,180,1498.0
199,5.0,250.0,27000.0,6.0,220,301,3500.0
200,5.0,200.0,22500.0,9.0,180,139,1798.0
201,5.0,142.0,26700.0,10.0,180,121,1798.0
202,5.0,400.0,27100.0,8.0,200,203,2494.0
203,7.0,370.0,38400.0,7.0,220,295,3456.0
204,5.0,400.0,37400.0,7.0,200,270,3956.0
205,5.0,400.0,26400.0,9.0,180,159,2694.0
206,5.0,650.0,39900.0,6.0,220,381,5663.0
207,5.0,400.0,41400.0,6.0,220,301,3456.0
208,5.0,335.0,52400.0,9.0,180,151,1798.0
209,7.0,360.0,44150.0,8.0,190,245,2494.0
210,5.0,400.0,33400.0,7.0,200,219,2494.0
211,7.0,350.0,40400.0,8.0,220,240,3456.0
212,7.0,450.0,49400.0,7.0,200,282,3956.0
213,5.0,650.0,43400.0,6.0,220,344,3456.0
214,5.0,150.0,18400.0,11.0,180,106,1496.0
215,5.0,250.0,24400.0,10.0,200,144,1986.0
216,5.0,330.0,43400.0,7.0,200,218,64.0
217,5.0,400.0,38400.0,7.0,200,236,2494.0
218,2.0,400.0,29000.0,6.0,200,168,1986.0
219,5.0,250.0,25000.0,8.0,200,140,1986.0
220,5.0,145.0,15400.0,10.0,180,119,1497.0
221,5.0,400.0,20400.0,8.0,200,158,1996.0
222,5.0,120.0,12400.0,12.0,160,87,1197.0
223,5.0,250.0,15400.0,10.0,180,99,1396.0
224,5.0,250.0,18400.0,9.0,200,147,1999.0
225,7.0,400.0,18400.0,10.0,180,155,2179.0
226,7.0,280.0,16400.0,11.0,160,140,2179.0
227,4.0,320.0,20400.0,10.0,180,150,1997.0
228,5.0,113.0,10400.0,12.0,160,83,1197.0
229,5.0,113.0,11400.0,12.0,160,83,1197.0
230,5.0,200.0,14400.0,11.0,180,103,1462.0
231,5.0,220.0,31100.0,6.0,180,220,1998.0
232,5.0,370.0,36995.0,5.0,230,300,1618.0
233,7.0,650.0,58500.0,6.0,210,305,3346.0
234,5.0,750.0,56000.0,6.0,180,437,3445.0
235,5.0,250.0,25390.0,8.0,190,169,1987.0
236,5.0,335.0,49500.0,9.0,180,152,1.0
237,5.0,500.0,50000.0,10.0,170,224,2755.0
238,7.0,400.0,60000.0,8.0,180,296,2494.0
239,7.0,500.0,55000.0,10.0,175,204,2755.0
240,7.0,250.0,40000.0,9.0,165,184,1987.0
241,20.0,500.0,70000.0,0.0,120,134,4009.0
242,5.0,130.0,25000.0,11.0,170,114,1490.0
243,4.0,93.0,18000.0,14.0,160,71,998.0
244,5.0,500.0,50000.0,10.0,175,204,2755.0
245,7.0,280.0,55000.0,13.0,130,136,75.0
246,5.0,500.0,170000.0,6.0,200,406,3456.0
247,5.0,300.0,24000.0,10.0,180,134,1798.0
248,5.0,340.0,35000.0,7.0,160,241,65.0
249,4.0,390.0,45000.0,5.0,230,268,1618.0
250,7.0,420.0,50000.0,9.0,180,253,1600.0
251,5.0,350.0,41000.0,7.0,185,225,72.0
252,5.0,400.0,40799.0,6.0,215,281,2500.0
253,5.0,400.0,20500.0,10.0,185,147,1591.0
254,5.0,250.0,19950.0,8.0,210,147,2000.0
255,15.0,356.0,28000.0,14.0,140,2488,0.0
256,5.0,350.0,41450.0,5.0,185,320,53.0
257,5.0,400.0,30500.0,6.0,180,187,2500.0
258,7.0,355.0,52000.0,6.0,240,291,3800.0
259,5.0,250.0,25000.0,8.0,240,191,2500.0
260,5.0,151.0,15000.0,9.0,180,120,1600.0
261,5.0,240.0,18000.0,9.0,180,121,1600.0
262,5.0,395.0,40000.0,6.0,200,200,39.0
263,4.0,264.0,25000.0,6.0,220,275,2000.0
264,5.0,400.0,38000.0,7.0,180,161,1.0
265,5.0,295.0,18000.0,8.0,160,139,1600.0
266,5.0,400.0,52000.0,6.0,240,291,3800.0
267,5.0,250.0,55000.0,6.0,240,278,3300.0
268,5.0,400.0,55000.0,6.0,240,278,3300.0
269,4.0,320.0,19000.0,8.0,200,160,2000.0
270,5.0,320.0,22000.0,8.0,200,160,2000.0
271,5.0,250.0,23000.0,8.0,210,110,1498.0
272,5.0,250.0,25000.0,7.0,210,150,1984.0
273,7.0,300.0,28505.0,8.0,209,150,1984.0
274,5.0,250.0,21995.0,7.0,210,150,1498.0
275,5.0,175.0,18000.0,9.0,190,80,999.0
276,5.0,350.0,46000.0,5.0,250,150,1984.0
277,5.0,310.0,39735.0,7.0,160,201,77.0
278,4.0,95.0,15000.0,13.0,160,82,32.0
279,5.0,600.0,55000.0,5.0,235,231,2967.0
280,4.0,350.0,35000.0,6.0,233,125,1984.0
281,4.0,240.0,20000.0,7.0,205,105,1984.0
282,5.0,550.0,40000.0,7.0,180,163,2967.0
283,5.0,320.0,30000.0,7.0,205,115,1984.0
284,7.0,280.0,33000.0,9.0,200,150,1984.0
285,7.0,250.0,28000.0,10.0,185,102,1498.0
286,12.0,385.0,33000.0,9.0,160,261,3954.0
287,5.0,200.0,24000.0,10.0,183,95,1498.0
288,7.0,340.0,70000.0,13.0,180,150,1984.0
289,5.0,310.0,35000.0,7.0,160,204,58.0
290,7.0,310.0,59995.0,10.0,145,204,77.0
291,5.0,350.0,31965.0,5.0,250,245,1984.0
292,5.0,420.0,44640.0,4.0,250,315,1984.0
293,5.0,400.0,36000.0,7.0,220,190,1968.0
294,5.0,320.0,28000.0,6.0,238,204,1984.0
295,4.0,200.0,20000.0,8.0,196,115,999.0
296,5.0,250.0,25000.0,10.0,200,95,999.0
297,5.0,310.0,45000.0,8.0,180,174,77.0
298,3.0,310.0,55000.0,10.0,145,204,77.0
299,5.0,700.0,70000.0,5.0,250,462,2995.0
300,7.0,350.0,50000.0,9.0,190,150,1395.0
301,5.0,250.0,22000.0,10.0,190,75,1199.0
302,5.0,250.0,30000.0,8.0,210,130,1498.0
303,5.0,350.0,35000.0,7.0,210,147,1968.0
304,4.0,350.0,40000.0,5.0,250,280,1984.0
305,7.0,320.0,35000.0,7.0,215,184,1984.0
306,5.0,350.0,48000.0,5.0,250,190,1984.0
307,5.0,460.0,50000.0,6.0,180,299,77.0
308,5.0,310.0,35000.0,7.0,160,204,58.0
309,5.0,320.0,32000.0,7.0,220,130,1498.0
310,3.0,410.0,40000.0,13.0,160,102,1968.0
311,4.0,120.0,15000.0,14.0,170,60,1390.0
312,4.0,245.0,25000.0,6.0,235,190,2861.0
313,5.0,560.0,85000.0,6.0,250,240,2967.0
314,4.0,200.0,30000.0,8.0,217,105,1197.0
315,5.0,145.0,15000.0,12.0,190,110,1498.0
316,5.0,132.0,14000.0,10.0,170,85,1390.0
317,2.0,106.0,25000.0,23.0,138,34,1192.0
318,5.0,93.0,12000.0,17.0,148,55,1198.0
319,5.0,153.0,18000.0,11.0,186,105,1598.0
320,5.0,290.0,33000.0,10.0,140,136,35.0
321,5.0,220.0,20000.0,9.0,200,100,1598.0
322,7.0,350.0,32000.0,8.0,190,235,1984.0
323,5.0,250.0,24000.0,8.0,193,158,1498.0
324,4.0,95.0,18000.0,12.0,160,82,999.0
325,4.0,250.0,35000.0,9.0,205,115,999.0
326,5.0,280.0,40000.0,7.0,240,200,1984.0
327,9.0,340.0,35000.0,12.0,180,102,1968.0
328,5.0,580.0,45000.0,7.0,191,204,2967.0
329,5.0,220.0,25000.0,8.0,160,170,50.0
330,5.0,250.0,20000.0,9.0,190,75,1390.0
331,5.0,350.0,40000.0,7.0,222,204,1395.0
332,5.0,770.0,70000.0,4.0,250,421,3956.0
333,4.0,250.0,30000.0,7.0,200,150,1395.0
334,5.0,250.0,28000.0,8.0,210,150,1498.0
335,5.0,310.0,45000.0,7.0,180,201,77.0
337,5.0,170.0,25000.0,12.0,165,98,1781.0
338,5.0,350.0,31000.0,6.0,250,228,1984.0
339,5.0,420.0,50000.0,5.0,250,150,1984.0
340,5.0,250.0,27000.0,8.0,200,115,999.0
341,5.0,320.0,40000.0,6.0,250,240,3189.0
342,5.0,280.0,26000.0,8.0,220,120,1598.0
343,4.0,230.0,35000.0,7.0,220,137,1781.0
344,5.0,210.0,20000.0,10.0,190,75,1199.0
345,5.0,380.0,38000.0,7.0,230,184,1968.0
346,5.0,400.0,45000.0,4.0,200,272,1598.0
347,7.0,310.0,60000.0,10.0,145,204,77.0
348,5.0,250.0,28000.0,8.0,210,170,1395.0
349,5.0,320.0,35000.0,7.0,220,150,1968.0
350,2.0,140.0,150000.0,11.0,160,68,800.0
351,5.0,350.0,28000.0,8.0,220,150,1968.0
352,5.0,280.0,30000.0,8.0,220,150,1498.0
353,5.0,320.0,30000.0,6.0,240,300,1984.0
355,5.0,310.0,45000.0,6.0,180,299,77.0
356,5.0,420.0,50000.0,5.0,250,190,1984.0
357,5.0,200.0,30000.0,8.0,220,130,1498.0
358,4.0,350.0,35000.0,6.0,246,220,1984.0
359,7.0,250.0,25000.0,12.0,180,122,1968.0
360,4.0,140.0,20000.0,14.0,165,61,1199.0
361,5.0,175.0,22000.0,9.0,187,95,999.0
362,5.0,330.0,32000.0,7.0,210,215,1395.0
363,5.0,370.0,40000.0,5.0,250,290,1984.0
364,5.0,420.0,45000.0,4.0,250,190,1984.0
365,7.0,350.0,35000.0,8.0,200,150,1968.0
366,2.0,310.0,55000.0,10.0,145,204,77.0
367,5.0,350.0,50000.0,5.0,250,280,1984.0
368,5.0,350.0,31000.0,6.0,250,228,1984.0
369,4.0,250.0,25000.0,7.0,205,174,1984.0
370,5.0,350.0,30000.0,7.0,220,150,1968.0
371,5.0,400.0,40000.0,4.0,250,150,1968.0
372,5.0,250.0,27000.0,8.0,200,147,1395.0
373,5.0,320.0,30000.0,6.0,237,207,1984.0
374,5.0,450.0,60000.0,7.0,235,231,2967.0
375,5.0,400.0,42000.0,7.0,200,245,1395.0
376,4.0,210.0,23000.0,11.0,130,83,32.0
377,5.0,580.0,70000.0,7.0,210,310,3996.0
378,4.0,380.0,45000.0,5.0,250,265,1984.0
379,5.0,400.0,40000.0,8.0,220,190,1968.0
380,2.0,310.0,55000.0,10.0,145,204,77.0
381,5.0,154.0,16700.0,10.0,180,122,1598.0
382,5.0,160.0,15500.0,10.0,175,100,999.0
383,7.0,560.0,77000.0,7.0,210,400,5552.0
384,5.0,260.0,26000.0,8.0,195,156,1332.0
385,5.0,325.0,39000.0,7.0,210,260,3498.0
386,5.0,353.0,45000.0,6.0,220,300,3498.0
387,8.0,560.0,51000.0,6.0,210,400,5552.0
388,5.0,154.0,20000.0,10.0,180,122,1598.0
389,5.0,305.0,29000.0,8.0,200,201,1498.0
390,2.0,475.0,40000.0,4.0,250,400,2997.0
391,5.0,160.0,14500.0,10.0,185,100,999.0
392,5.0,174.0,18000.0,9.0,190,137,1798.0
393,5.0,150.0,16000.0,11.0,170,109,1198.0
394,5.0,156.0,15000.0,11.0,180,118,1598.0
395,5.0,171.0,14500.0,10.0,175,122,1798.0
396,5.0,180.0,25000.0,10.0,180,117,999.0
397,5.0,248.0,15500.0,13.0,168,110,1461.0
398,5.0,160.0,12000.0,13.0,160,100,999.0
399,7.0,381.0,35000.0,7.0,200,261,3954.0
400,7.0,560.0,77000.0,7.0,210,400,5552.0
401,2.0,652.0,220000.0,2.0,330,600,3799.0
402,2.0,366.0,41820.0,5.0,250,332,3696.0
403,5.0,600.0,58950.0,5.0,200,389,87.0
404,7.0,560.0,85000.0,6.0,210,400,5552.0
405,7.0,560.0,70600.0,6.0,210,400,5552.0
406,5.0,154.0,14500.0,10.0,190,126,1598.0
407,5.0,190.0,19000.0,10.0,190,115,1197.0
408,5.0,139.0,13000.0,11.0,175,102,1498.0
409,5.0,191.0,18500.0,10.0,185,133,1997.0
410,5.0,106.0,12000.0,13.0,170,79,1198.0
411,5.0,199.0,24960.0,9.0,190,141,1997.0
412,5.0,207.0,28500.0,9.0,180,179,1997.0
413,7.0,351.0,42820.0,7.0,190,284,3498.0
414,8.0,560.0,65300.0,6.0,210,400,5552.0
415,5.0,145.0,14000.0,12.0,165,104,1598.0
416,2.0,780.0,1100000.0,2.0,315,720,3799.0
417,2.0,374.0,45790.0,5.0,250,350,3696.0
418,5.0,600.0,60000.0,5.0,200,389,87.0
419,7.0,560.0,105000.0,6.0,210,428,5552.0
420,4.0,400.0,41750.0,5.0,250,300,2997.0
421,5.0,190.0,20000.0,9.0,200,140,1998.0
422,5.0,475.0,50000.0,5.0,250,400,2997.0
423,5.0,190.0,22000.0,10.0,190,150,1998.0
424,5.0,250.0,30000.0,8.0,210,210,2498.0
425,5.0,170.0,18500.0,11.0,175,120,1796.0
426,7.0,451.0,55000.0,8.0,190,280,4750.0
427,7.0,329.0,42500.0,7.0,190,250,2488.0
428,7.0,240.0,40000.0,10.0,175,190,2498.0
429,5.0,300.0,38000.0,8.0,180,201,1497.0
430,5.0,270.0,36000.0,9.0,190,158,1332.0
431,2.0,652.0,175000.0,2.0,330,600,3799.0
432,5.0,475.0,55000.0,4.0,270,420,2997.0
433,5.0,600.0,63000.0,5.0,200,389,87.0
434,7.0,560.0,98000.0,6.0,210,428,5552.0
435,5.0,500.0,61750.0,5.0,250,390,5026.0
436,5.0,186.0,20000.0,9.0,180,140,1998.0
437,5.0,168.0,18000.0,10.0,175,125,1798.0
438,5.0,161.0,17500.0,11.0,170,115,1838.0
439,5.0,265.0,32000.0,8.0,200,210,2960.0
440,5.0,240.0,24000.0,7.0,200,190,1598.0
441,5.0,217.0,20000.0,10.0,180,150,2438.0
442,5.0,225.0,18500.0,11.0,175,158,2498.0
443,7.0,560.0,95000.0,6.0,210,428,5552.0
444,7.0,560.0,60000.0,6.0,200,400,5552.0
445,5.0,300.0,39000.0,8.0,180,201,1497.0
446,2.0,652.0,185000.0,2.0,330,600,3799.0
447,2.0,475.0,48000.0,4.0,250,400,2997.0
448,4.0,392.0,70000.0,5.0,250,276,2568.0
449,5.0,600.0,67000.0,5.0,200,389,87.0
450,5.0,380.0,50000.0,6.0,230,268,1997.0
451,8.0,356.0,28000.0,12.0,155,129,2488.0
452,5.0,450.0,32000.0,10.0,180,190,2298.0
453,6.0,560.0,55000.0,6.0,195,400,5552.0
454,7.0,200.0,25000.0,15.0,140,85,1461.0
455,3.0,350.0,27000.0,14.0,145,130,2488.0
456,5.0,110.0,14000.0,14.0,145,67,1397.0
457,5.0,184.0,22000.0,12.0,160,94,2825.0
458,4.0,275.0,45000.0,5.0,235,247,1998.0
459,4.0,180.0,22000.0,9.0,200,140,1998.0
460,5.0,150.0,16000.0,12.0,165,105,1498.0
461,7.0,451.0,58000.0,8.0,190,280,4750.0
462,7.0,351.0,44000.0,7.0,195,284,3498.0
463,5.0,278.0,28000.0,12.0,160,125,2664.0
464,4.0,325.0,47000.0,7.0,195,260,3498.0
465,5.0,305.0,43000.0,8.0,190,204,1497.0
466,2.0,650.0,600000.0,3.0,320,500,3000.0
467,5.0,475.0,70000.0,4.0,250,400,2997.0
468,5.0,365.0,42000.0,5.0,250,328,3696.0
469,7.0,560.0,85000.0,6.0,200,400,5552.0
470,5.0,600.0,68000.0,5.0,200,389,87.0
471,4.0,135.0,25000.0,10.0,175,96,1595.0
472,4.0,265.0,30000.0,7.0,240,200,1998.0
473,4.0,384.0,50000.0,5.0,250,300,2960.0
474,2.0,637.0,1000000.0,3.0,354,550,3495.0
475,4.0,103.0,20000.0,12.0,170,76,987.0
476,5.0,206.0,25000.0,10.0,160,134,2389.0
477,3.0,300.0,35000.0,18.0,130,130,2999.0
478,4.0,62.0,10000.0,18.0,110,48,659.0
479,7.0,188.0,28000.0,14.0,140,131,1998.0
480,5.0,130.0,18000.0,13.0,155,85,1770.0
481,5.0,180.0,23000.0,11.0,190,140,1998.0
482,7.0,205.0,22000.0,12.0,160,138,2389.0
483,4.0,275.0,35000.0,6.0,240,205,1998.0
484,5.0,140.0,18000.0,11.0,170,110,1597.0
485,7.0,580.0,95000.0,6.0,205,428,5552.0
486,7.0,560.0,70000.0,6.0,190,400,5552.0
487,5.0,195.0,32000.0,9.0,190,141,1998.0
488,5.0,305.0,46000.0,8.0,190,204,1497.0
489,5.0,330.0,40000.0,7.0,200,187,1497.0
490,2.0,637.0,220000.0,2.0,315,565,3799.0
491,5.0,451.0,50000.0,5.0,250,325,4494.0
492,5.0,475.0,75000.0,4.0,250,400,2997.0
493,5.0,600.0,70000.0,5.0,200,389,87.0
494,7.0,580.0,95000.0,6.0,205,428,5552.0
495,2.0,198.0,45000.0,8.0,210,151,2393.0
496,4.0,135.0,18000.0,9.0,185,110,1597.0
497,5.0,330.0,60000.0,8.0,225,250,2960.0
498,4.0,384.0,55000.0,5.0,250,300,2960.0
499,4.0,300.0,35000.0,5.0,240,250,1998.0
500,3.0,360.0,40000.0,15.0,150,135,2298.0
501,5.0,560.0,55000.0,7.0,180,400,5552.0
502,7.0,260.0,30000.0,14.0,140,127,2498.0
503,7.0,320.0,35000.0,12.0,160,134,1198.0
504,7.0,344.0,50000.0,8.0,200,280,3498.0
505,4.0,135.0,25000.0,10.0,175,96,1595.0
506,5.0,170.0,18000.0,11.0,175,120,1998.0
507,5.0,280.0,30000.0,6.0,225,230,1998.0
508,5.0,160.0,15000.0,12.0,180,114,1769.0
509,5.0,150.0,12000.0,10.0,185,115,1597.0
510,5.0,135.0,10000.0,13.0,165,105,1497.0
511,7.0,260.0,25000.0,12.0,160,125,2663.0
512,7.0,330.0,45000.0,12.0,160,155,4169.0
513,5.0,310.0,38000.0,6.0,215,280,1998.0
514,5.0,290.0,28000.0,10.0,175,170,3275.0
515,5.0,400.0,70000.0,7.0,210,280,4494.0
516,5.0,390.0,60000.0,8.0,210,270,4130.0
517,5.0,340.0,45000.0,6.0,215,255,2960.0
518,5.0,340.0,50000.0,6.0,220,255,2960.0
519,5.0,450.0,50000.0,6.0,240,340,4494.0
520,2.0,198.0,45000.0,8.0,210,151,2393.0
521,2.0,210.0,35000.0,9.0,205,145,2753.0
522,4.0,230.0,20000.0,6.0,215,175,1809.0
523,4.0,260.0,25000.0,7.0,225,200,1998.0
524,4.0,180.0,18000.0,9.0,200,140,1839.0
525,2.0,385.0,36000.0,10.0,160,261,3954.0
526,2.0,525.0,42000.0,9.0,170,375,5552.0
527,3.0,350.0,35000.0,15.0,140,150,2953.0
528,4.0,450.0,88000.0,5.0,270,330,2894.0
529,4.0,450.0,92000.0,5.0,270,330,2894.0
530,4.0,550.0,105000.0,4.0,289,440,2894.0
531,4.0,820.0,180000.0,3.0,315,620,3996.0
532,4.0,620.0,130000.0,3.0,300,473,3996.0
533,4.0,450.0,102000.0,5.0,270,330,2894.0
534,4.0,700.0,115000.0,4.0,280,455,17.0
535,4.0,700.0,120000.0,4.0,280,455,17.0
536,4.0,870.0,190000.0,3.0,315,690,17.0
537,4.0,450.0,95000.0,5.0,270,330,2894.0
538,5.0,450.0,80000.0,5.0,245,335,2995.0
539,5.0,450.0,85000.0,6.0,245,335,2995.0
540,5.0,550.0,95000.0,5.0,265,434,2894.0
541,5.0,770.0,130000.0,4.0,286,541,3996.0
542,5.0,620.0,110000.0,4.0,270,453,3996.0
543,5.0,900.0,170000.0,3.0,295,670,17.0
544,5.0,400.0,60000.0,6.0,232,261,1984.0
545,5.0,520.0,75000.0,4.0,259,375,2894.0
546,5.0,550.0,85000.0,4.0,272,434,2894.0
547,5.0,400.0,65000.0,6.0,232,261,1984.0
548,4.0,450.0,110000.0,4.0,293,379,2981.0
549,4.0,528.0,131300.0,3.0,308,443,2981.0
550,4.0,450.0,106500.0,4.0,293,379,2981.0
551,4.0,528.0,113300.0,3.0,306,443,2981.0
552,4.0,450.0,121300.0,4.0,289,379,2981.0
553,4.0,750.0,197200.0,2.0,320,572,3745.0
554,4.0,800.0,230400.0,2.0,330,640,3745.0
555,2.0,469.0,161100.0,3.0,318,502,3996.0
556,2.0,465.0,241300.0,3.0,296,518,3996.0
557,2.0,570.0,222000.0,3.0,240,473,2981.0
558,4.0,344.0,86700.0,5.0,230,402,79.0
559,4.0,640.0,103800.0,4.0,250,522,79.0
560,4.0,850.0,150900.0,3.0,260,670,93.0
561,4.0,1050.0,185000.0,2.0,260,750,93.0
562,4.0,850.0,132750.0,3.0,250,590,93.0
563,5.0,500.0,97700.0,4.0,220,469,93.0
564,5.0,650.0,104000.0,4.0,240,509,79.0
565,2.0,380.0,63400.0,4.0,275,300,1988.0
566,2.0,420.0,75400.0,4.0,285,350,2497.0
567,2.0,420.0,100200.0,4.0,302,414,3995.0
568,2.0,450.0,141700.0,3.0,315,493,3996.0
569,2.0,380.0,65500.0,4.0,275,300,1988.0
570,2.0,380.0,69600.0,4.0,275,300,1988.0
571,2.0,430.0,90300.0,4.0,293,394,3995.0
572,2.0,420.0,98300.0,4.0,301,414,3995.0
573,4.0,450.0,92300.0,5.0,265,325,2894.0
574,4.0,700.0,113300.0,4.0,280,462,2894.0
575,4.0,450.0,101400.0,5.0,265,325,2894.0
576,4.0,870.0,200200.0,3.0,315,690,3996.0
577,4.0,750.0,128900.0,3.0,295,560,2894.0
578,4.0,450.0,98300.0,5.0,265,325,2894.0
579,4.0,620.0,136900.0,3.0,300,473,3996.0
580,4.0,770.0,175200.0,3.0,306,550,3996.0
581,4.0,800.0,290000.0,3.0,310,570,3996.0
582,4.0,550.0,105000.0,4.0,289,443,2894.0
583,5.0,400.0,58000.0,6.0,232,265,1984.0
584,5.0,400.0,63000.0,6.0,233,265,1984.0
585,5.0,520.0,70400.0,4.0,259,375,2894.0
586,5.0,550.0,82900.0,4.0,272,434,2894.0
587,5.0,750.0,85000.0,4.0,240,603,95.0
588,5.0,450.0,72200.0,5.0,245,335,2995.0
589,5.0,700.0,91000.0,4.0,253,455,2995.0
590,4.0,550.0,94300.0,4.0,263,434,2894.0
591,4.0,850.0,182150.0,3.0,300,631,3996.0
592,5.0,450.0,79000.0,5.0,245,335,2995.0
593,4.0,900.0,167800.0,3.0,295,670,3996.0
594,4.0,620.0,111200.0,4.0,270,453,3996.0
595,5.0,580.0,69000.0,7.0,221,262,2967.0
596,5.0,580.0,85500.0,6.0,242,380,2995.0
597,4.0,950.0,182900.0,3.0,295,728,3996.0
598,4.0,345.0,86700.0,5.0,230,321,79.0
599,5.0,350.0,34395.0,6.0,250,237,2000.0
600,5.0,500.0,46595.0,4.0,260,325,2700.0
601,5.0,350.0,38195.0,6.0,240,237,2000.0
602,5.0,550.0,50995.0,4.0,250,360,3000.0
603,4.0,500.0,94800.0,5.0,240,375,93.0
604,4.0,620.0,139400.0,3.0,250,590,93.0
605,4.0,500.0,90500.0,5.0,230,375,79.0
606,4.0,620.0,136700.0,3.0,250,590,93.0
607,4.0,1050.0,190000.0,2.0,260,750,93.0
608,4.0,450.0,106100.0,4.0,293,379,2981.0
609,4.0,530.0,129900.0,3.0,304,443,2981.0
610,4.0,450.0,113300.0,4.0,293,379,2981.0
611,4.0,570.0,137000.0,3.0,311,473,2981.0
612,4.0,570.0,157300.0,3.0,307,473,2981.0
613,4.0,750.0,184100.0,2.0,320,572,3745.0
614,4.0,800.0,207000.0,2.0,330,640,3745.0
615,2.0,470.0,170000.0,3.0,318,502,3996.0
616,2.0,465.0,223800.0,3.0,296,525,3996.0
617,4.0,570.0,222000.0,3.0,240,473,2981.0
618,4.0,570.0,145300.0,3.0,311,473,2981.0
619,4.0,450.0,135500.0,4.0,289,379,2981.0
620,4.0,750.0,258000.0,2.0,330,607,3745.0
621,2.0,750.0,293200.0,2.0,340,700,3745.0
622,1.0,470.0,245000.0,3.0,290,510,3996.0
623,2.0,450.0,222000.0,3.0,315,500,3996.0
624,1.0,480.0,750000.0,3.0,296,515,4194.0
625,4.0,450.0,116000.0,4.0,293,379,2981.0
626,4.0,750.0,191300.0,3.0,318,572,3745.0
627,4.0,570.0,233000.0,3.0,240,473,2981.0
628,5.0,113.0,8200.0,13.0,170,86,1199.0
629,5.0,114.0,11000.0,5.0,120,74,24.0
630,5.0,113.0,10400.0,12.0,170,86,1199.0
631,5.0,113.0,11300.0,12.0,170,86,1199.0
632,5.0,140.0,12000.0,10.0,180,110,1199.0
633,5.0,113.0,11800.0,12.0,165,86,1199.0
634,5.0,113.0,9200.0,13.0,170,86,1199.0
635,4.0,51.0,4000.0,29.0,105,37,624.0
636,5.0,140.0,6200.0,16.0,155,70,1396.0
637,5.0,100.0,5000.0,16.0,140,65,1193.0
638,5.0,113.0,9400.0,13.0,170,86,1199.0
639,5.0,114.0,14500.0,5.0,120,74,26.0
640,5.0,190.0,8700.0,15.0,165,75,1248.0
641,5.0,140.0,6500.0,16.0,155,70,1396.0
642,7.0,624.0,79295.0,6.0,210,420,6200.0
643,5.0,135.0,8300.0,17.0,150,70,1396.0
644,5.0,200.0,9000.0,14.0,160,75,1248.0
645,5.0,140.0,7000.0,17.0,150,70,1396.0
646,5.0,115.0,7200.0,15.0,160,85,1396.0
647,7.0,624.0,82295.0,6.0,205,420,6200.0
648,5.0,170.0,14000.0,10.0,180,118,1199.0
649,5.0,250.0,25000.0,9.0,140,143,40.0
650,5.0,350.0,23000.0,11.0,180,168,1956.0
651,7.0,350.0,25500.0,11.0,180,168,1956.0
652,5.0,113.0,10500.0,16.0,160,86,1199.0
653,7.0,400.0,20000.0,12.0,180,154,2179.0
654,7.0,320.0,19000.0,13.0,162,138,2179.0
655,7.0,250.0,15000.0,17.0,125,85,2956.0
656,7.0,250.0,16500.0,15.0,140,118,2179.0
657,5.0,245.0,22000.0,9.0,120,129,30.0
659,5.0,967.0,88490.0,3.0,250,670,100.0
660,5.0,1.0,108490.0,2.0,322,1,100.0
661,5.0,420.0,40240.0,5.0,225,283,60.0
662,5.0,660.0,53240.0,3.0,261,450,82.0
663,7.0,967.0,98490.0,3.0,250,670,100.0
664,6.0,1.0,113490.0,2.0,262,1,100.0
665,5.0,498.0,47490.0,5.0,217,346,75.0
666,5.0,559.0,50490.0,4.0,217,384,82.0
667,6.0,1.0,69900.0,2.0,209,800,200.0
668,4.0,10.0,200000.0,1.0,402,1,200.0
669,4.0,353.0,35195.0,6.0,180,285,3600.0
670,4.0,400.0,42100.0,7.0,180,270,2000.0
671,5.0,352.0,41530.0,7.0,209,293,3600.0
672,7.0,352.0,43530.0,7.0,209,293,3600.0
673,5.0,230.0,37695.0,8.0,195,180,2400.0
674,5.0,320.0,31590.0,7.0,200,200,2000.0
675,5.0,285.0,28345.0,8.0,200,177,1300.0
676,5.0,353.0,38775.0,8.0,177,285,3600.0
677,8.0,548.0,63595.0,7.0,190,392,5700.0
678,8.0,617.0,91495.0,6.0,190,471,6400.0
679,5.0,637.0,59865.0,6.0,210,375,17.0
680,5.0,637.0,50695.0,6.0,180,375,17.0
681,5.0,270.0,46500.0,7.0,200,240,11.0
682,5.0,270.0,44500.0,7.0,200,240,11.0
683,5.0,142.0,0.0,10.0,180,108,1500.0
684,5.0,850.0,80000.0,4.0,177,600,100.0
685,5.0,353.0,51570.0,8.0,177,285,3600.0
686,5.0,529.0,66575.0,7.0,190,357,5700.0
687,5.0,324.0,41295.0,7.0,195,271,3200.0
688,4.0,637.0,82495.0,4.0,160,470,6400.0
689,5.0,350.0,37490.0,7.0,220,235,2000.0
690,5.0,366.0,44195.0,6.0,210,310,3600.0
691,7.0,366.0,48595.0,6.0,210,310,3600.0
692,5.0,440.0,58590.0,5.0,190,340,100.0
693,7.0,885.0,149990.0,4.0,200,682,6200.0
694,7.0,624.0,104595.0,6.0,210,420,6200.0
695,5.0,893.0,92000.0,3.0,320,668,6200.0
696,5.0,603.0,60495.0,3.0,290,472,3600.0
697,5.0,350.0,41390.0,7.0,220,235,2000.0
698,5.0,366.0,51095.0,6.0,210,310,3600.0
699,7.0,366.0,57095.0,6.0,210,310,3600.0
700,5.0,440.0,59990.0,5.0,190,340,100.0
701,5.0,620.0,64990.0,4.0,210,500,100.0
702,5.0,350.0,41290.0,6.0,240,237,2000.0
703,5.0,127.0,14595.0,10.0,180,98,1400.0
704,5.0,200.0,16720.0,8.0,190,138,1400.0
705,5.0,250.0,25000.0,8.0,210,160,1500.0
706,4.0,400.0,26400.0,5.0,240,275,2000.0
707,2.0,637.0,65895.0,3.0,312,495,6200.0
708,7.0,360.0,35915.0,7.0,210,310,3600.0
709,5.0,275.0,26600.0,8.0,200,170,1500.0
710,5.0,366.0,44000.0,6.0,220,308,3600.0
711,7.0,519.0,56995.0,7.0,200,355,5300.0
712,8.0,519.0,59900.0,7.0,190,355,5300.0
713,5.0,583.0,30695.0,6.0,190,310,2700.0
714,6.0,519.0,42795.0,7.0,180,355,5300.0
715,6.0,629.0,41500.0,8.0,170,401,6600.0
716,6.0,1234.0,45500.0,8.0,160,445,6600.0
717,5.0,360.0,27495.0,6.0,150,200,66.0
718,5.0,360.0,28795.0,7.0,150,200,66.0
719,5.0,236.0,23100.0,9.0,200,155,1300.0
720,5.0,353.0,33500.0,5.0,240,250,2000.0
721,4.0,881.0,67300.0,3.0,318,650,6200.0
722,2.0,637.0,65895.0,3.0,312,495,6200.0
723,6.0,519.0,61595.0,7.0,180,355,5300.0
724,6.0,519.0,55895.0,7.0,180,355,5300.0
725,6.0,519.0,50895.0,7.0,180,355,5300.0
726,5.0,500.0,48295.0,9.0,160,181,2800.0
727,7.0,360.0,46600.0,7.0,210,310,3600.0
728,5.0,275.0,33400.0,8.0,200,170,1500.0
729,5.0,366.0,48900.0,6.0,220,308,3600.0
730,5.0,360.0,28795.0,6.0,150,200,66.0
731,4.0,617.0,43500.0,4.0,290,455,6200.0
732,2.0,630.0,65900.0,3.0,290,460,6200.0
733,7.0,360.0,43700.0,7.0,210,310,3600.0
734,5.0,366.0,45000.0,6.0,220,308,3600.0
735,5.0,250.0,25800.0,8.0,210,160,1500.0
736,5.0,127.0,17595.0,11.0,180,98,1400.0
737,5.0,220.0,24100.0,9.0,200,137,1200.0
738,5.0,275.0,28400.0,8.0,200,170,1500.0
739,6.0,1234.0,75700.0,8.0,160,445,6600.0
740,5.0,583.0,29200.0,6.0,190,310,2700.0
741,8.0,624.0,82400.0,7.0,200,420,6200.0
742,6.0,413.0,33900.0,8.0,180,285,4300.0
743,5.0,127.0,14395.0,10.0,180,98,1400.0
744,7.0,360.0,37200.0,7.0,210,310,3600.0
745,5.0,255.0,36100.0,9.0,200,193,2500.0
746,5.0,353.0,34500.0,5.0,240,250,2000.0
747,5.0,275.0,31900.0,8.0,200,170,1500.0
748,6.0,413.0,34900.0,8.0,180,285,4300.0
749,6.0,1234.0,56400.0,8.0,160,445,6600.0
750,7.0,519.0,64100.0,7.0,180,355,5300.0
751,8.0,519.0,64400.0,5.0,180,355,5300.0
752,5.0,360.0,31700.0,6.0,150,200,66.0
753,8.0,519.0,56995.0,7.0,180,355,5300.0
754,8.0,519.0,62495.0,7.0,180,355,5300.0
756,7.0,519.0,66700.0,7.0,180,355,5300.0
757,7.0,624.0,71600.0,6.0,200,420,6200.0
758,7.0,624.0,76700.0,6.0,200,420,6200.0
759,8.0,519.0,65500.0,7.0,180,355,5300.0
760,7.0,624.0,70000.0,6.0,200,420,6200.0
761,5.0,275.0,29900.0,9.0,190,175,1500.0
762,7.0,350.0,36800.0,7.0,200,228,2000.0
763,8.0,519.0,57400.0,7.0,180,355,5300.0
764,8.0,624.0,61100.0,6.0,200,420,6200.0
765,5.0,583.0,36900.0,7.0,190,310,2700.0
766,6.0,519.0,37100.0,7.0,180,355,5300.0
767,6.0,629.0,43900.0,7.0,175,401,6600.0
768,6.0,1234.0,49000.0,7.0,175,445,6600.0
769,5.0,1000.0,108700.0,3.0,170,625,212.0
770,5.0,1000.0,105600.0,3.0,170,625,212.0
771,8.0,624.0,72800.0,6.0,200,420,6200.0
772,6.0,624.0,66800.0,6.0,190,420,6200.0
773,5.0,275.0,36500.0,9.0,190,175,1500.0
774,6.0,366.0,41400.0,7.0,210,310,3600.0
775,6.0,519.0,53800.0,7.0,180,355,5300.0
776,6.0,1234.0,72200.0,7.0,175,401,6600.0
777,5.0,583.0,45000.0,7.0,190,310,2700.0
778,5.0,583.0,43900.0,7.0,190,310,2700.0
779,5.0,583.0,48000.0,7.0,190,310,2700.0
780,8.0,624.0,93800.0,6.0,200,420,6200.0
781,5.0,275.0,38600.0,9.0,190,175,1500.0
782,7.0,366.0,54300.0,6.0,210,310,3564.0
783,8.0,519.0,71505.0,7.0,210,355,5327.0
784,8.0,519.0,73305.0,7.0,210,355,5327.0
785,5.0,569.0,52000.0,7.0,180,310,2713.0
786,5.0,519.0,56000.0,6.0,180,355,5327.0
787,5.0,629.0,70000.0,7.0,170,401,6600.0
788,5.0,629.0,72000.0,7.0,170,401,6600.0
789,5.0,259.0,36300.0,8.0,175,200,2488.0
790,5.0,373.0,44000.0,6.0,180,308,3564.0
791,5.0,624.0,80000.0,5.0,200,420,6162.0
792,7.0,624.0,82000.0,6.0,210,420,6162.0
793,5.0,275.0,28700.0,9.0,200,170,1490.0
794,7.0,366.0,45000.0,6.0,210,310,3564.0
795,5.0,15.0,96550.0,3.0,170,830,200.0
796,5.0,15.0,96550.0,3.0,170,1,200.0
797,5.0,624.0,65000.0,5.0,200,420,6162.0
798,8.0,624.0,76805.0,6.0,210,420,6162.0
799,5.0,629.0,75000.0,7.0,170,401,6600.0
800,5.0,373.0,50000.0,6.0,180,308,3564.0
801,8.0,519.0,65000.0,7.0,210,355,5327.0
802,3.0,413.0,37700.0,7.0,180,285,4300.0
803,3.0,629.0,60000.0,7.0,170,401,6600.0
804,3.0,629.0,62000.0,7.0,170,401,6600.0
805,5.0,275.0,31000.0,9.0,200,170,1490.0
806,7.0,366.0,40000.0,6.0,210,310,3564.0
807,5.0,259.0,38000.0,8.0,175,200,2488.0
808,8.0,519.0,75000.0,7.0,210,355,5327.0
809,5.0,624.0,82000.0,5.0,200,420,6162.0
810,5.0,15.0,110000.0,3.0,170,830,200.0
811,5.0,1.0,108700.0,4.0,170,754,200.0
812,5.0,15.0,112700.0,3.0,170,1,200.0
813,5.0,373.0,55000.0,6.0,180,308,3564.0
814,8.0,624.0,90000.0,6.0,210,420,6162.0
815,5.0,629.0,85000.0,7.0,170,401,6600.0
816,7.0,366.0,60000.0,6.0,210,310,3564.0
817,5.0,275.0,35000.0,9.0,200,170,1490.0
818,8.0,519.0,78000.0,7.0,210,355,5327.0
819,5.0,15.0,105000.0,3.0,170,830,200.0
820,5.0,151.0,17000.0,10.0,180,120,1591.0
821,5.0,151.0,18000.0,10.0,180,120,1591.0
822,5.0,264.0,28000.0,7.0,210,175,1591.0
823,5.0,520.0,55000.0,5.0,250,360,1599.0
824,7.0,421.0,42000.0,7.0,220,277,2500.0
825,7.0,355.0,50000.0,7.0,240,291,3778.0
826,5.0,179.0,19000.0,9.0,190,147,1999.0
827,5.0,264.0,28500.0,7.0,220,180,1591.0
828,5.0,265.0,33000.0,10.0,180,139,1591.0
829,5.0,350.0,50000.0,5.0,190,225,77.0
830,5.0,264.0,28000.0,6.0,200,201,1591.0
831,5.0,264.0,28500.0,7.0,210,175,1591.0
832,5.0,422.0,55000.0,5.0,270,300,2500.0
833,7.0,352.0,47000.0,7.0,200,227,1591.0
834,8.0,355.0,42500.0,8.0,220,290,3500.0
835,7.0,355.0,51000.0,7.0,240,291,3778.0
836,5.0,360.0,44000.0,7.0,210,225,1598.0
837,5.0,450.0,58000.0,5.0,230,320,77.0
838,5.0,265.0,33000.0,10.0,180,139,1591.0
839,5.0,264.0,25000.0,6.0,200,201,1591.0
840,5.0,179.0,23500.0,9.0,190,146,1999.0
841,5.0,360.0,42000.0,7.0,210,225,1598.0
842,7.0,246.0,35500.0,8.0,210,191,2500.0
843,7.0,355.0,44000.0,7.0,240,291,3778.0
844,5.0,179.0,22000.0,9.0,190,147,1999.0
845,5.0,179.0,18500.0,9.0,190,147,1999.0
846,5.0,264.0,29000.0,7.0,220,180,1591.0
847,8.0,355.0,39500.0,8.0,220,290,3500.0
848,5.0,350.0,46000.0,5.0,190,225,77.0
849,5.0,265.0,30000.0,10.0,180,139,1591.0
850,5.0,510.0,51500.0,4.0,270,365,3300.0
851,7.0,352.0,48000.0,7.0,200,227,1591.0
852,7.0,355.0,52000.0,7.0,240,291,3778.0
853,5.0,520.0,47000.0,6.0,235,300,1598.0
854,5.0,740.0,65000.0,3.0,260,577,77.0
855,5.0,265.0,34500.0,10.0,180,139,1591.0
856,8.0,355.0,47000.0,8.0,220,290,3500.0
857,5.0,264.0,32000.0,7.0,210,175,1591.0
858,5.0,179.0,22500.0,9.0,190,147,1999.0
859,5.0,179.0,23500.0,9.0,190,147,1999.0
860,5.0,151.0,17500.0,10.0,180,120,1591.0
861,5.0,151.0,18000.0,10.0,180,120,1591.0
862,5.0,179.0,20500.0,9.0,190,147,1999.0
863,5.0,179.0,23000.0,9.0,190,146,1999.0
864,5.0,520.0,45000.0,6.0,235,300,1599.0
865,7.0,352.0,47000.0,7.0,200,227,1591.0
866,7.0,355.0,41500.0,7.0,240,291,3778.0
867,8.0,355.0,43500.0,8.0,220,290,3500.0
868,5.0,450.0,60000.0,5.0,230,320,77.0
869,5.0,264.0,25500.0,6.0,200,201,1591.0
870,5.0,179.0,23000.0,9.0,190,147,1999.0
871,5.0,264.0,30000.0,7.0,210,175,1591.0
872,5.0,260.0,40000.0,8.0,200,136,50.0
873,7.0,355.0,53000.0,7.0,240,291,3778.0
874,5.0,422.0,50000.0,5.0,270,300,2500.0
875,8.0,355.0,45500.0,8.0,220,290,3500.0
876,5.0,265.0,36000.0,10.0,180,139,1591.0
877,5.0,450.0,62000.0,5.0,230,320,77.0
878,7.0,352.0,49000.0,7.0,200,227,1591.0
879,5.0,179.0,22500.0,9.0,190,147,1999.0
880,2.0,1600.0,3000000.0,2.0,420,1500,7993.0
881,2.0,1600.0,3300000.0,2.0,350,1500,7993.0
882,2.0,1600.0,3500000.0,2.0,490,1600,7993.0
883,2.0,1600.0,3300000.0,2.0,420,1500,7993.0
884,2.0,1600.0,3300000.0,2.0,420,1500,7993.0
885,2.0,1600.0,5800000.0,2.0,380,1500,7993.0
886,2.0,1600.0,9000000.0,2.0,380,1600,7993.0
887,2.0,1600.0,18000000.0,2.0,420,1500,7993.0
888,2.0,1600.0,4500000.0,2.0,500,1850,7993.0
889,2.0,1600.0,5000000.0,2.0,420,1600,7993.0
890,2.0,2600.0,120000.0,15.0,120,540,13000.0
891,2.0,3500.0,160000.0,14.0,120,750,16100.0
892,2.0,2200.0,100000.0,16.0,110,460,12800.0
893,2.0,2500.0,110000.0,16.0,110,500,13000.0
894,2.0,2400.0,125000.0,15.0,120,500,12800.0
895,2.0,1800.0,95000.0,17.0,110,400,12800.0
896,2.0,2500.0,120000.0,18.0,100,500,12800.0
897,2.0,1200.0,85000.0,20.0,90,280,7700.0
898,2.0,800.0,75000.0,22.0,80,180,5100.0
899,2.0,450.0,70000.0,5.0,260,335,2995.0
900,5.0,365.0,45000.0,6.0,250,250,1999.0
901,5.0,365.0,50000.0,6.0,250,250,1999.0
902,5.0,400.0,85000.0,6.0,250,300,2995.0
903,5.0,430.0,50000.0,7.0,230,200,1999.0
904,5.0,696.0,70000.0,4.0,200,400,90.0
905,5.0,365.0,0.0,7.0,230,250,1999.0
906,5.0,215.0,40000.0,9.0,215,160,1998.0
907,5.0,480.0,65000.0,5.0,250,340,1999.0
908,5.0,450.0,60000.0,5.0,250,340,1999.0
909,2.0,700.0,120000.0,3.0,320,575,5000.0
910,5.0,696.0,85000.0,4.0,200,400,90.0
911,5.0,700.0,85000.0,4.0,283,550,5000.0
912,5.0,450.0,55000.0,5.0,250,340,1999.0
913,5.0,480.0,65000.0,5.0,250,340,1999.0
914,5.0,400.0,90000.0,6.0,250,300,2995.0
915,2.0,680.0,110000.0,3.0,300,550,5000.0
916,5.0,430.0,50000.0,7.0,230,200,1999.0
917,5.0,696.0,90000.0,4.0,200,400,90.0
918,2.0,680.0,100000.0,3.0,300,550,5000.0
919,2.0,400.0,70000.0,5.0,250,300,1999.0
920,5.0,400.0,55000.0,5.0,250,300,1999.0
921,5.0,400.0,60000.0,6.0,250,250,1999.0
922,5.0,696.0,85000.0,4.0,200,400,90.0
923,5.0,365.0,60000.0,6.0,225,247,1999.0
924,5.0,430.0,55000.0,6.0,230,246,1999.0
925,5.0,400.0,80000.0,6.0,250,300,2995.0
926,2.0,680.0,100000.0,3.0,300,550,5000.0
927,5.0,480.0,65000.0,5.0,250,340,1999.0
928,5.0,365.0,50000.0,6.0,240,250,1999.0
929,2.0,460.0,80000.0,4.0,280,380,2995.0
930,5.0,400.0,55000.0,5.0,250,300,1999.0
931,5.0,450.0,60000.0,5.0,250,340,1999.0
932,2.0,680.0,100000.0,3.0,300,550,5000.0
933,5.0,696.0,85000.0,4.0,200,400,90.0
934,5.0,480.0,65000.0,5.0,250,340,1999.0
935,5.0,625.0,90000.0,4.0,280,510,5000.0
936,2.0,600.0,90000.0,4.0,290,450,5000.0
937,5.0,640.0,75000.0,5.0,220,398,1999.0
938,2.0,400.0,60000.0,5.0,250,300,1999.0
939,2.0,666.0,157000.0,2.0,307,600,3493.0
940,5.0,362.0,62000.0,5.0,250,290,3500.0
941,7.0,362.0,60000.0,6.0,190,290,3500.0
942,5.0,400.0,45000.0,6.0,210,272,1500.0
943,5.0,180.0,30000.0,6.0,200,201,2400.0
944,5.0,362.0,50000.0,5.0,250,290,3500.0
945,5.0,400.0,50000.0,6.0,210,272,1500.0
946,7.0,362.0,55000.0,6.0,190,290,3500.0
947,5.0,400.0,55000.0,6.0,210,272,1500.0
948,5.0,362.0,50000.0,5.0,250,290,3500.0
949,5.0,247.0,35000.0,6.0,210,206,2400.0
950,7.0,335.0,55000.0,6.0,190,321,3500.0
951,5.0,400.0,50000.0,6.0,210,247,1500.0
952,5.0,180.0,30000.0,6.0,200,201,2400.0
953,2.0,600.0,150000.0,3.0,300,500,3493.0
954,5.0,400.0,45000.0,6.0,210,272,1500.0
955,5.0,362.0,50000.0,5.0,250,290,3500.0
956,5.0,180.0,30000.0,6.0,200,201,2400.0
957,7.0,362.0,55000.0,6.0,190,290,3500.0
958,2.0,666.0,157000.0,2.0,307,537,3493.0
959,7.0,362.0,58000.0,6.0,190,290,3500.0
960,5.0,362.0,46000.0,5.0,250,290,3500.0
961,2.0,666.0,157000.0,2.0,307,537,3493.0
962,5.0,400.0,42000.0,6.0,210,272,1500.0
963,5.0,180.0,28000.0,6.0,200,201,2400.0
964,5.0,480.0,54000.0,5.0,250,355,3000.0
965,7.0,335.0,52000.0,6.0,190,321,3500.0
966,5.0,160.0,22000.0,10.0,180,82,1199.0
967,5.0,205.0,25000.0,9.0,190,100,1199.0
968,5.0,150.0,23500.0,10.0,185,115,1598.0
969,5.0,230.0,28000.0,8.0,200,130,1598.0
970,5.0,400.0,32000.0,7.0,210,180,1598.0
971,7.0,400.0,35000.0,9.0,200,165,1998.0
972,5.0,300.0,35500.0,8.0,235,180,1998.0
973,5.0,200.0,22500.0,12.0,160,75,1560.0
974,3.0,300.0,30000.0,10.0,180,120,1997.0
975,3.0,340.0,32000.0,11.0,160,140,2200.0
976,5.0,260.0,35000.0,8.0,150,136,50.0
977,5.0,260.0,38000.0,8.0,150,136,50.0
978,5.0,300.0,28000.0,6.0,230,208,1598.0
979,5.0,330.0,35000.0,6.0,250,270,1598.0
980,5.0,520.0,55000.0,5.0,250,360,1598.0
981,5.0,230.0,25000.0,9.0,205,130,1199.0
982,5.0,230.0,27000.0,9.0,200,130,1199.0
983,5.0,250.0,30000.0,8.0,210,180,1499.0
984,7.0,250.0,33000.0,8.0,200,180,1499.0
985,5.0,250.0,35000.0,8.0,225,180,1499.0
986,5.0,280.0,35000.0,7.0,220,200,1598.0
987,5.0,300.0,40000.0,6.0,235,225,1598.0
988,5.0,400.0,45000.0,6.0,235,300,1598.0
989,7.0,400.0,48000.0,6.0,210,300,1598.0
990,5.0,230.0,28000.0,9.0,200,130,1199.0
991,5.0,260.0,25000.0,12.0,170,100,1560.0
992,3.0,320.0,30000.0,13.0,160,120,1997.0
993,3.0,350.0,35000.0,14.0,140,130,2200.0
994,5.0,260.0,40000.0,9.0,130,136,0.0
995,5.0,260.0,45000.0,9.0,130,136,0.0
996,5.0,360.0,45000.0,5.0,250,225,1598.0
997,5.0,520.0,55000.0,5.0,250,360,1598.0
998,5.0,520.0,60000.0,5.0,250,360,1598.0
999,5.0,400.0,50000.0,6.0,235,300,1598.0
1000,5.0,205.0,22000.0,11.0,190,100,1199.0
1001,5.0,240.0,30000.0,10.0,200,130,1499.0
1002,7.0,240.0,33000.0,10.0,190,130,1499.0
1003,5.0,240.0,32000.0,9.0,200,130,1499.0
1004,7.0,240.0,35000.0,10.0,190,130,1499.0
1005,5.0,250.0,35000.0,8.0,210,180,1598.0
1006,7.0,250.0,38000.0,9.0,200,180,1598.0
1007,5.0,230.0,25000.0,9.0,200,130,1199.0
1008,7.0,250.0,40000.0,8.0,210,180,1598.0
1009,5.0,300.0,35000.0,8.0,220,180,1598.0
1010,5.0,300.0,37000.0,8.0,210,180,1598.0
1011,5.0,230.0,28000.0,9.0,200,130,1199.0
1012,5.0,115.0,20000.0,12.0,180,82,1199.0
1013,5.0,205.0,22000.0,11.0,190,100,1199.0
1014,5.0,200.0,0.0,7.0,220,160,1500.0
1015,5.0,300.0,0.0,6.0,220,200,2000.0
1016,5.0,130.0,0.0,7.0,200,85,1000.0
1017,5.0,150.0,0.0,6.0,220,120,1000.0
1018,5.0,100.0,0.0,10.0,165,70,1200.0
1019,5.0,170.0,0.0,9.0,180,123,1000.0
1020,5.0,230.0,0.0,7.0,190,181,1500.0
1021,5.0,400.0,0.0,6.0,200,250,2000.0
1022,7.0,420.0,0.0,6.0,200,300,2300.0
1023,8.0,650.0,0.0,6.0,180,375,3500.0
1024,4.0,400.0,0.0,7.0,200,275,2300.0
1025,5.0,250.0,0.0,7.0,185,181,1500.0
1026,5.0,400.0,0.0,5.0,200,290,3300.0
1027,5.0,700.0,0.0,6.0,180,385,6200.0
1028,5.0,1.0,0.0,7.0,180,450,6700.0
1029,5.0,250.0,0.0,6.0,180,191,2500.0
1030,5.0,400.0,0.0,6.0,180,270,2300.0
1031,5.0,430.0,0.0,3.0,180,290,68.0
1032,5.0,1051.0,0.0,4.0,180,452,98.0
1033,5.0,210.0,0.0,7.0,180,200,2500.0
1034,7.0,500.0,0.0,7.0,180,318,3300.0
1035,4.0,530.0,55000.0,4.0,250,450,5000.0
1036,2.0,746.0,500000.0,3.0,348,660,3500.0
1037,5.0,420.0,30000.0,5.0,250,280,2300.0
1038,5.0,290.0,23000.0,6.0,230,200,1500.0
1039,4.0,583.0,70000.0,5.0,220,400,3000.0
1040,5.0,583.0,45000.0,6.0,200,392,2700.0
1041,5.0,691.0,70000.0,5.0,200,450,3500.0
1042,5.0,200.0,28000.0,9.0,191,123,1000.0
1043,5.0,225.0,32000.0,11.0,180,140,1500.0
1044,7.0,500.0,52000.0,10.0,190,210,2000.0
1045,7.0,345.0,31000.0,7.0,200,287,3500.0
1046,0.0,405.0,43455.0,12.0,160,170,2000.0
1047,0.0,200.0,29365.0,10.0,175,162,2000.0
1048,0.0,1.0,61625.0,8.0,165,475,6700.0
1049,0.0,1.0,64540.0,8.0,165,475,6700.0
1050,2.0,847.0,79420.0,3.0,290,760,5200.0
1051,2.0,582.0,59140.0,4.0,280,526,5200.0
1052,5.0,678.0,64695.0,6.0,180,400,3500.0
1053,5.0,678.0,84910.0,6.0,190,450,3500.0
1054,7.0,563.0,56505.0,6.0,230,400,3000.0
1055,0.0,691.0,79560.0,6.0,210,440,3500.0
1056,0.0,385.0,35000.0,12.0,160,130,2000.0
1057,2.0,569.0,36000.0,13.0,140,350,7300.0
1058,2.0,405.0,37000.0,11.0,160,170,2000.0
1059,0.0,430.0,52000.0,9.0,140,266,89.0
1060,7.0,825.0,53000.0,6.0,225,457,3000.0
1061,5.0,210.0,25000.0,7.0,180,191,2500.0
1062,4.0,570.0,60000.0,4.0,250,450,5000.0
1063,5.0,500.0,40000.0,8.0,180,210,2000.0
1064,5.0,210.0,38000.0,7.0,190,221,2500.0
1065,5.0,542.0,45000.0,6.0,200,310,2700.0
1066,7.0,563.0,55000.0,5.0,230,400,3000.0
1067,5.0,100.0,0.0,12.0,170,78,1200.0
1068,5.0,100.0,0.0,12.0,170,78,1200.0
1069,7.0,245.0,0.0,9.0,190,181,2500.0
1070,5.0,300.0,0.0,10.0,170,248,2400.0
1071,5.0,250.0,0.0,9.0,180,152,1500.0
1072,5.0,197.0,0.0,10.0,190,148,2000.0
1073,7.0,441.0,0.0,10.0,180,189,3200.0
1074,7.0,430.0,0.0,11.0,180,181,2400.0
1075,5.0,430.0,0.0,10.0,177,181,2400.0
1076,5.0,407.0,0.0,5.0,240,291,2000.0
1077,4.0,196.0,0.0,15.0,130,66,16.0
1078,7.0,141.0,0.0,13.0,170,105,1500.0
1079,7.0,360.0,0.0,11.0,175,145,2200.0
1080,5.0,100.0,0.0,9.0,180,75,1100.0
1081,7.0,217.0,0.0,11.0,190,165,2400.0
1082,7.0,245.0,0.0,9.0,190,181,2500.0
1083,7.0,245.0,0.0,9.0,190,181,2500.0
1084,7.0,245.0,0.0,9.0,190,181,2500.0
1085,5.0,250.0,0.0,9.0,180,152,1500.0
1086,5.0,197.0,0.0,10.0,190,148,2000.0
1087,5.0,430.0,0.0,10.0,177,181,2400.0
1088,7.0,441.0,0.0,10.0,180,189,3200.0
1089,5.0,430.0,0.0,10.0,177,181,2400.0
1090,5.0,100.0,0.0,12.0,170,78,1200.0
1091,5.0,154.0,0.0,10.0,200,117,1600.0
1092,7.0,430.0,0.0,11.0,180,181,2400.0
1093,5.0,100.0,0.0,12.0,170,78,1200.0
1094,5.0,197.0,0.0,10.0,190,148,2000.0
1095,7.0,360.0,0.0,11.0,175,145,2000.0
1096,2.0,370.0,0.0,0.0,120,150,3000.0
1097,5.0,154.0,0.0,11.0,190,115,1600.0
1098,7.0,441.0,0.0,10.0,180,189,3200.0
1099,7.0,141.0,0.0,12.0,170,105,1500.0
1100,5.0,199.0,0.0,10.0,180,188,2400.0
1101,7.0,245.0,0.0,9.0,190,181,2500.0
1102,7.0,430.0,0.0,11.0,180,181,2400.0
1103,5.0,430.0,0.0,10.0,177,181,2400.0
1104,5.0,197.0,0.0,10.0,190,148,2000.0
1105,5.0,100.0,0.0,12.0,170,78,1200.0
1106,7.0,245.0,0.0,9.0,190,181,2500.0
1107,2.0,686.0,0.0,0.0,120,240,7500.0
1108,2.0,370.0,0.0,0.0,120,150,3000.0
1109,5.0,170.0,0.0,10.0,185,140,1800.0
1110,4.0,60.0,0.0,15.0,130,52,660.0
1111,7.0,170.0,0.0,10.0,185,140,2000.0
1112,5.0,197.0,0.0,10.0,200,148,2000.0
1113,5.0,441.0,0.0,10.0,180,189,3200.0
1114,7.0,206.0,0.0,13.0,170,145,2400.0
1115,4.0,94.0,0.0,15.0,130,64,660.0
1116,7.0,181.0,0.0,11.0,180,135,2000.0
1117,5.0,214.0,0.0,11.0,190,160,2400.0
1118,4.0,60.0,0.0,15.0,130,52,660.0
1119,4.0,94.0,0.0,13.0,140,64,660.0
1120,4.0,210.0,0.0,9.0,200,147,1500.0
1121,5.0,200.0,0.0,10.0,200,154,2000.0
1122,5.0,343.0,0.0,9.0,190,225,3800.0
1123,5.0,173.0,0.0,11.0,190,138,1800.0
1124,5.0,270.0,0.0,8.0,220,210,3000.0
1125,4.0,60.0,0.0,16.0,120,48,660.0
1126,2.0,196.0,0.0,0.0,100,64,16.0
1127,5.0,213.0,0.0,8.0,200,155,2000.0
1128,5.0,252.0,0.0,8.0,210,186,2500.0
1129,5.0,420.0,0.0,6.0,240,250,2500.0
1130,5.0,197.0,0.0,9.0,180,146,2000.0
1131,5.0,252.0,0.0,8.0,204,186,2500.0
1132,5.0,252.0,0.0,8.0,200,187,2500.0
1133,5.0,434.0,0.0,6.0,220,256,2500.0
1134,7.0,450.0,0.0,9.0,200,187,2200.0
1135,7.0,420.0,0.0,7.0,210,250,2500.0
1136,7.0,500.0,0.0,6.0,240,340,3300.0
1137,2.0,205.0,0.0,6.0,225,181,2000.0
1138,2.0,205.0,0.0,6.0,225,181,2000.0
1139,5.0,271.0,0.0,9.0,140,143,35.0
1140,5.0,202.0,0.0,9.0,190,158,2000.0
1141,5.0,350.0,0.0,7.0,210,244,2300.0
1142,5.0,270.0,0.0,9.0,190,200,3000.0
1143,5.0,330.0,0.0,11.0,170,143,2500.0
1144,5.0,470.0,0.0,10.0,180,200,3200.0
1145,4.0,314.0,0.0,5.0,250,276,1300.0
1146,4.0,145.0,0.0,8.0,180,110,1200.0
1147,2.0,0.0,0.0,0.0,300,400,0.0
1148,5.0,145.0,0.0,10.0,180,105,1600.0
1149,5.0,135.0,0.0,11.0,175,100,1500.0
1150,7.0,180.0,0.0,9.0,190,138,2000.0
1151,5.0,142.0,0.0,10.0,180,108,1500.0
1152,5.0,280.0,0.0,8.0,215,210,2300.0
1153,4.0,300.0,0.0,6.0,240,280,2000.0
1154,5.0,252.0,0.0,8.0,210,192,2500.0
1155,5.0,165.0,0.0,11.0,170,130,1300.0
1156,5.0,180.0,0.0,9.0,190,140,2000.0
1157,5.0,270.0,0.0,8.0,220,205,3000.0
1158,5.0,170.0,0.0,10.0,180,135,1800.0
1159,5.0,145.0,0.0,11.0,175,110,1600.0
1160,4.0,90.0,0.0,15.0,140,63,660.0
1161,2.0,85.0,0.0,11.0,140,63,657.0
1162,4.0,80.0,0.0,16.0,130,54,660.0
1163,5.0,140.0,0.0,11.0,170,113,1500.0
1164,4.0,215.0,0.0,8.0,210,164,2500.0
1165,7.0,265.0,0.0,9.0,185,200,3000.0
1166,5.0,200.0,0.0,12.0,160,120,2600.0
1167,5.0,265.0,0.0,9.0,200,200,3000.0
1168,5.0,210.0,0.0,8.0,190,160,2500.0
1169,4.0,85.0,0.0,15.0,130,63,660.0
1170,5.0,155.0,0.0,12.0,160,115,1800.0
1171,2.0,300.0,0.0,15.0,120,130,3000.0
1172,5.0,250.0,0.0,8.0,200,187,2500.0
1173,7.0,400.0,0.0,7.0,210,250,3000.0
1174,2.0,105.0,0.0,18.0,120,75,1500.0
1175,3.0,140.0,0.0,14.0,160,100,2000.0
1176,7.0,160.0,0.0,12.0,160,115,2500.0
1177,5.0,110.0,0.0,15.0,130,75,1300.0
1178,5.0,170.0,0.0,9.0,185,125,1800.0
1179,5.0,230.0,0.0,8.0,215,170,2500.0
1180,5.0,260.0,0.0,7.0,220,200,3000.0
1181,5.0,110.0,0.0,13.0,155,70,1300.0
1182,4.0,90.0,0.0,16.0,130,60,1200.0
1183,5.0,120.0,0.0,14.0,145,85,1500.0
1184,4.0,220.0,0.0,8.0,185,130,1308.0
1185,4.0,210.0,0.0,8.0,190,135,1588.0
1186,2.0,290.0,0.0,5.0,250,280,1308.0
1187,2.0,150.0,0.0,10.0,170,110,1000.0
1188,5.0,170.0,0.0,9.0,200,135,1998.0
1189,2.0,140.0,0.0,9.0,180,116,1590.0
1190,5.0,170.0,0.0,8.0,200,135,1800.0
1191,2.0,230.0,0.0,7.0,230,165,1308.0
1192,4.0,160.0,0.0,12.0,180,115,2000.0
1193,5.0,130.0,0.0,12.0,170,100,1600.0
1194,4.0,220.0,0.0,8.0,210,160,2500.0
1195,7.0,200.0,0.0,10.0,185,150,2000.0
1196,5.0,260.0,0.0,9.0,180,200,1308.0
1197,4.0,45.0,0.0,35.0,85,26,360.0
1198,2.0,160.0,0.0,12.0,170,110,2000.0
1199,5.0,130.0,0.0,12.0,145,85,1298.0
1200,4.0,95.0,0.0,15.0,120,64,657.0
1201,5.0,130.0,0.0,13.0,160,92,1497.0
1202,5.0,160.0,0.0,8.0,190,140,1800.0
1203,5.0,135.0,0.0,10.0,170,105,1598.0
1204,2.0,130.0,0.0,14.0,130,95,1497.0
1205,4.0,140.0,0.0,8.0,190,130,1598.0
1206,2.0,160.0,0.0,7.0,200,143,1798.0
1207,5.0,260.0,0.0,9.0,180,200,1308.0
1208,2.0,150.0,0.0,15.0,130,120,1998.0
1209,2.0,160.0,0.0,14.0,150,130,1308.0
1210,4.0,180.0,0.0,12.0,175,135,1308.0
1211,5.0,250.0,0.0,8.0,220,200,2500.0
1212,1.0,500.0,0.0,3.0,320,700,2620.0
1213,5.0,239.0,0.0,7.0,180,240,2487.0
1214,7.0,630.0,50000.0,6.0,180,326,2393.0
1215,5.0,190.0,0.0,8.0,190,169,1987.0
1216,5.0,190.0,0.0,7.0,180,140,1798.0
1217,5.0,221.0,0.0,6.0,200,219,2487.0
